tt35934771,Neil Young: Coastal (2025),2025,1h 42m,,Neil Young's coastal solo tour as he performs rare songs in stunning theaters.,Daryl Hannah,Neil Young,Daryl Hannah
tt9254940,Sneaks (2025),2025,1h 32m,"Computer Animation,Adventure,Animation,Comedy,Family","When a designer sneaker unwittingly finds himself lost in New York City, he must dig deep into his sole in order to rescue his sister and return to his rightful owner.","Rob Edwards,Christopher Jenkins","Rob Edwards,Erica Harrell,Dylan Hartman","Anthony Mackie,Laurence Fishburne,Keith David"
tt28443655,Death of a Unicorn (2025),2025,1h 47m,"Dark Comedy,Monster Horror,Comedy,Fantasy,Horror,Thriller",Father-Daughter duo Elliott and Ridley hit a unicorn with their car and bring it to the wilderness retreat of a mega-wealthy pharmaceutical CEO.,Alex Scharfman,Alex Scharfman,"Jenna Ortega,Paul Rudd,David Pasquesi"
tt31193180,Sinners (2025),2025,2h 11m,"Supernatural Horror,Drama,Horror,Thriller","Trying to leave their troubled lives behind, twin brothers return to their hometown to start again, only to discover that an even greater evil is waiting to welcome them back.",Ryan Coogler,Ryan Coogler,"Hailee Steinfeld,Jack O'Connell,Michael B. Jordan"
tt30955489,Until Dawn (2025),2025,1h 34m,"Psychological Drama,Psychological Horror,Supernatural Horror,Drama,Horror","A group of friends trapped in a time loop, where mysterious foes are chasing and killing them in gruesome ways, must survive until dawn to escape it.",David F. Sandberg,"Blair Butler,Gary Dauberman","Ella Rubin,Odessa A'zion,Michael Cimino"
tt33050528,Colorful Stage! The Movie: A Miku Who Can't Sing (2025),2025,1h 45m,"Anime,Animation,Music",Shibuya teen musician Ichika meets Hatsune Miku after hearing her song in a store. The pair work together to help Miku forge emotional connections through music.,Hiroyuki Hata,Yoko Yonaiyama,"Akina,Yu Asakawa,Naoto Fuga"
tt7068946,The Accountant 2 (2025),2025,2h 4m,"Whodunnit,Action,Crime,Drama,Mystery,Thriller",Christian Wolff applies his brilliant mind and illegal methods to reconstruct the unsolved puzzle of a Treasury chief's murder.,Gavin O'Connor,Bill Dubuque,"Ben Affleck,Jon Bernthal,Cynthia Addai-Robinson"
tt32214413,The Wedding Banquet (2025),2025,1h 42m,"Feel-Good Romance,Romantic Comedy,Comedy,Romance","A gay man makes a deal with his lesbian friend: a green-card marriage for him, in exchange for in vitro fertilization treatments for her. Plans evolve as Min's grandmother surprises them wit...",Andrew Ahn,"Andrew Ahn,James Schamus","Bowen Yang,Lily Gladstone,Kelly Marie Tran"
tt31434639,Warfare (2025),2025,1h 35m,"Docudrama,War Epic,Action,Drama,War","A platoon of Navy SEALs embark on a dangerous mission in Ramadi, Iraq, with the chaos and brotherhood of war retold through their memories of the event.","Alex Garland,Ray Mendoza","Ray Mendoza,Alex Garland","D'Pharaoh Woon-A-Tai,Will Poulter,Cosmo Jarvis"
tt13491834,Sacramento (2024),2024,1h 24m,Comedy,"An energetic and free-spirited young man convinces his long-time friend, who's settled into domestic life, to go on an impromptu road trip from Los Angeles to Sacramento.",Michael Angarano,"Michael Angarano,Christopher Nicholas Smith","Kristen Stewart,Michael Angarano,Michael Cera"
tt7967302,The King of Kings (2025),2025,1h 40m,"Computer Animation,Animation,Family",The story of our Lord Jesus Christ as told by Charles Dickens and seen through the innocent eyes of a child.,Seong-ho Jang,"Seong-ho Jang,Rob Edwards,Jamie Thomason","Pierce Brosnan,Oscar Isaac,Uma Thurman"
tt32149847,Drop (2025),2025,1h 40m,"Whodunnit,Drama,Mystery,Thriller","A widowed mother's first date in years takes a terrifying turn when she's bombarded with anonymous threatening messages on her phone during their upscale dinner, leaving her questioning if h...",Christopher Landon,"Jillian Jacobs,Chris Roach","Meghann Fahy,Brandon Sklenar,Violett Beane"
tt33029955,One to One: John & Yoko (2024),2024,1h 40m,"Biography,Documentary","Set in 1972 New York, this documentary explores John and Yoko's world amid a turbulent era. Centered on the One to One charity concert for special needs children, it features unseen archives...","Kevin Macdonald,Sam Rice-Edwards","John Lennon,Yoko Ono,The Plastic Ono Elephants Memory Band","Kevin Macdonald,Sam Rice-Edwards"
tt27674982,The Ballad of Wallis Island (2025),2025,1h 40m,"Quirky Comedy,Comedy,Drama,Music","THE BALLAD OF WALLIS ISLAND follows Charles (Tim Key), an eccentric lottery winner who lives alone on a remote island and dreams of getting his favorite musicians, McGwyer Mortimer (Tom Basd...",James Griffiths,"Tom Basden,Tim Key","Tom Basden,Tim Key,Sian Clifford"
tt0899043,The Amateur (2025),2025,2h 3m,"Spy,Action,Thriller",A CIA cryptographer manages to blackmail his agency into training him to let him go after a group of terrorists who killed his wife.,James Hawes,"Robert Littell,Ken Nolan,Gary Spinelli","Jon Bernthal,Julianne Nicholson,Rami Malek"
tt34888646,I Can Only Imagine Sequel (2026),2026,,Drama,"Bart Millard, lead singer of MercyMe, faces a personal crisis at the peak of his success. As his world unravels, he struggles with his beliefs and inner demons while seeking a path through a...","Andrew Erwin,Brent Mccorkle",Brent Mccorkle,"Dennis Quaid,Arielle Kebbel,Milo Ventimiglia"
tt30835450,Mogwai: If the Stars Had a Sound (2024),2024,1h 32m,"Documentary,Music","25 years of the cult Scottish band Mogwai. When a pioneering band stays true to their roots and follows their own path, the outcome is 'bigger than words and wider than pictures'.",Antony Crook,"Dominic Aitchison,Stuart Braithwaite,Martin Bulloch",Antony Crook
tt32492552,Untitled the Exorcist/Mike Flanagan Project (2026),2026,,Horror,,Mike Flanagan,Mike Flanagan,Mike Flanagan
tt27165187,Flowervale Street (2026),2026,,"Mystery,Thriller",A family in the 80s start to notice bizarre happenings in their neighborhood.,David Robert Mitchell,David Robert Mitchell,"Anne Hathaway,Ewan McGregor,Christian Convery"
tt30851137,The Bride (2026),2026,,"Dark Romance,Monster Horror,Drama,Horror,Musical,Romance,Sci-Fi","In 1930s Chicago, Frankenstein asks Dr. Euphronius to help create a companion. They give life to a murdered woman as the Bride, sparking romance, police interest, and radical social change.",Maggie Gyllenhaal,"Maggie Gyllenhaal,Mary Shelley","Jake Gyllenhaal,Christian Bale,Jessie Buckley"
tt12042730,Project Hail Mary (2026),2026,,"Dystopian Sci-Fi,Space Sci-Fi,Sci-Fi",An astronaut tries to save Earth while alone in outer space.,"Phil Lord,Christopher Miller","Drew Goddard,Andy Weir","Ryan Gosling,Milana Vayntrub,Sandra Hüller"
tt2321555,The Cat in the Hat (2026),2026,,"Computer Animation,Adventure,Animation,Family",A clever cat brings chaos and mischief to a pair of siblings struggling with their move to a new town.,"Alessandro Carloni,Erica Rivinoja","Alessandro Carloni,Erica Rivinoja,Dr. Seuss","Quinta Brunson,Matt Berry,Bill Hader"
tt26443616,Hoppers (2026),2026,,"Animal Adventure,Computer Animation,Adventure,Animation,Comedy,Family,Sci-Fi",An animal lover uses technology that places her consciousness into a robotic beaver to uncover mysteries within the animal world beyond her imagination.,Daniel Chong,"Jesse Andrews,Daniel Chong","Jon Hamm,Bobby Moynihan,Piper Curda"
tt27047903,Scream 7 (2026),2026,,"Slasher Horror,Whodunnit,Horror,Mystery,Thriller",Plot unknown.,Kevin Williamson,"Guy Busick,James Vanderbilt","Isabel May,Michelle Randolph,Mckenna Grace"
tt32565993,Three Bags Full: A Sheep Detective Movie (2026),2026,,"Action,Comedy,Mystery","Every night a shepherd reads aloud a murder mystery, pretending his sheep can understand. When he is found dead, the sheep realize at once that it was a murder and think they know everything...",Kyle Balda,"Craig Mazin,Leonie Swann","Hugh Jackman,Nicholas Galitzine,Emma Thompson"
tt27613895,GOAT (2026),2026,,"Animal Adventure,Basketball,Computer Animation,Adventure,Animation,Comedy,Family,Sport",,"Tyree Dillihay,Adam Rosette","Aaron Buchsbaum,Teddy Riley",Rachna Vasavada
tt8036976,Send Help (2026),2026,,Horror,"Two colleagues become stranded on a deserted island, the only survivors of a plane crash. On the island, they must overcome past grievances and work together to survive, but ultimately, it's...",Sam Raimi,"Damian Shannon,Mark Swift","Rachel McAdams,Dylan O'Brien,Dennis Haysbert"
tt33714084,Reminders of Him (2026),,,Romance,,See company contact information,"See writer,See producer",See preliminary cast
tt32897959,Wuthering Heights (2026),2026,,Drama,"A passionate and tumultuous love story set against the backdrop of the Yorkshire moors, exploring the intense and destructive relationship between Heathcliff and Catherine Earnshaw.",Emerald Fennell,"Emily Brontë,Emerald Fennell","Owen Cooper,Margot Robbie,Jacob Elordi"
tt2263648,What About Love (2013),2013,1h 54m,"Drama,Romance","Two young lovers change the lives of their parents forever when the parents learn from the joyful experience of their kids, and allow themselves to again find their love.",Klaus Menzel,"Klaus Menzel,Douglas Day Stewart","Sharon Stone,Iain Glen,Andy Garcia"
tt32141377,28 Years Later: The Bone Temple (2026),2026,,"Horror,Thriller",,Nia DaCosta,Alex Garland,Nia DaCosta
tt32654916,Soulm8te (2025),2025,,"Sci-Fi,Thriller","A man acquires an Artificially Intelligent android to cope with the loss of his recently deceased wife. In an attempt to create a truly sentient partner, he inadvertently turns a harmless lo...",Kate Dolan,"Ingrid Bisu,Kate Dolan,Rafael Jordan","Claudia Doumit,David Rysdahl,Lily Sullivan"
tt18259538,Aang: The Last Airbender (2026),2026,,"Action,Adventure,Animation,Family,Fantasy,Mystery",Upcoming animated film following Aang and his friends now as young adults several years after the events of the ending of Avatar: The Last Airbender,"Lauren Montgomery,William Mata","Michael Dante DiMartino,Bryan Konietzko,Kenneth Lin","Steven Yeun,Dave Bautista,Jessica Matten"
tt32020960,Nightmare (2025),2025,1h 30m,Drama,"After moving into her family's house, horror comic artist Ilmira struggles to complete her work But when eerie figures from her past stories come to life, she's forced to confront a buried c...",Jeffrey Schneider,Jeffrey Schneider,"Jeffrey Schneider,Nick Dent,Nicolette Pullen"
tt32338669,Mutiny (2026),2026,,"Action,Thriller","After his billionaire industrialist boss is murdered in front of him, Cole Reed is set up to take the fall for the crime -- leaving him on the run as he works to uncover an international con...",Jean-François Richet,"J.P. Davis,Lindsay Michel","Jason Statham,Arnas Fedaravicius,Annabelle Wallis"
tt31050594,Mercy (2026),2026,,Sci-Fi,A detective is accused of a crime and is forced to prove his innocence.,Timur Bekmambetov,Marco van Belle,"Chris Pratt,Rebecca Ferguson,Annabelle Wallis"
tt9810236,Apophis 2029 (2025),2025,1h 36m,Drama,"On April 13, 2029, asteroid Apophis grazes Earth, passing below satellites and briefly disappearing from view before re-emerging.",Jeffrey Schneider,"Abel Martinez Jr.,Jeffrey Schneider","Jeffrey Schneider,Nick Dent,Geno Romo"
tt9810278,"The King, The Swordsman, and the Sorceress (2025)",2025,1h 30m,Drama,,Jeffrey Schneider,"Abel Martinez Jr.,Jeffrey Schneider","Deborah Dutch,Jeffrey Schneider,Nick Dent"
tt15295176,Crystal (2025),2025,1h 30m,Horror,,Roman P. Martinez,"Nick Dent,Clyde Waterhouse","Jeffrey Schneider,Nick Dent,Nicolette Pullen"
tt28371961,Killer Clown Girls (2025),2025,1h 30m,Horror,"Six women who meet in a support group one night, decide to band together to mete out justice against those who have abused and assaulted women.",Roman P. Martinez,Roman P. Martinez,"Matthew Sunderland,Jeffrey Schneider,Nick Dent"
tt31350873,Return of the Living Dead (2025),2025,,"Comedy,Horror,Sci-Fi","Taking place 18 months after the events at the UNEEDA Warehouse in Louisville, KY, a new Trioxin 2-4-5 leak puts a small Pennsylvania town on the brink of a zombie outbreak during Christmas ...",Steve Wolsh,Steve Wolsh,Alexander Ward
tt11246550,Planet Gliese (2025),2025,1h 30m,Sci-Fi,A Science fiction Epic using proprietary tech and involving mind bending realities from quantum entanglement to R = 2GM/c2,Basil B Moore,Basil B Moore,Basil B Moore
tt10209920,Alien Wars: Judgement Day (2025),2025,1h 30m,Sci-Fi,"After an alien catastrophe, a few remaining human souls try to hold on to their sanity and their reality as humanity slowly slips into darkness.",Jeffrey Schneider,Jeffrey Schneider,"Nick Dent,Donna Hamblin,Luc Bernier"
tt10921118,The Street Avenger (2025),2025,,"Action,Adventure,Crime,Thriller","A girl loses her father to gang violence. Seeking revenge, she becomes a vigilante fighting rival gangs while evading police. But reality proves unlike comic books.",Tesha Clark,"Matthew Clark ""Ghost"",Tesha Clark","Isaac C. Singleton Jr.,Matthew Clark ""Ghost"",Emily Rose Hernandez"
tt33244668,Anaconda (2025),2025,,"Jungle Adventure,Monster Horror,Action,Adventure,Comedy,Horror,Thriller",A group of friends going through mid-life crises. They decide to remake a favorite movie from their youth but encounter unexpected events when they enter the jungle.,Tom Gormican,"Kevin Etten,Tom Gormican","Steve Zahn,Jack Black,Paul Rudd"
tt10713496,The Accident (2025),2025,1h 30m,,"A stormy night in Oregon leads to a tragic accident, intertwining the lives of Denise, a struggling single mom, Ace, a mysterious man, and Anna, a woman with secrets. They're forced to confr...",Jeffrey Schneider,Luc Bernier,"Jeffrey Schneider,Donna Hamblin,Cathy Loch"
tt30274401,Five Nights at Freddy's 2 (2025),2025,,"Supernatural Horror,Horror,Mystery,Thriller","1987, after a rather unstable life, Jeremy Fitzgerald found work as a security guard at the new Freddy's Fazbear Pizzeria, but when he entered there he would realize that not everything ther...",Emma Tammi,"Scott Cawthon,Seth Cuddeback,Emma Tammi","Josh Hutcherson,Matthew Lillard,Elizabeth Lail"
tt26443597,Zootopia 2 (2025),2025,,"Animal Adventure,Computer Animation,Action,Adventure,Animation,Comedy,Crime,Family,Mystery","Brave rabbit cop Judy Hopps and her friend, the fox Nick Wilde, team up again to crack a new case, the most perilous and intricate of their careers.","Jared Bush,Byron Howard","Jared Bush,Byron Howard","Jason Bateman,Fortune Feimster,Ginnifer Goodwin"
tt23572848,The SpongeBob Movie: Search for Squarepants (2025),2025,,"Adventure,Animation,Comedy,Family,Fantasy,Horror","SpongeBob and his friends Patrick, Squidward, Sandy, and Mr. Krabs journey to the ocean's depths to face the Flying Dutchman's ghost, encountering challenges and uncovering marine mysteries.",Derek Drymon,Derek Drymon,"Clancy Brown,Mark Hamill,Tom Kenny"
tt1757678,Avatar: Fire and Ash (2025),2025,3h 12m,"Sci-Fi Epic,Action,Adventure,Fantasy,Sci-Fi,Thriller",Sequel of Avatar: The Way of Water (2022). The plot is unknown.,James Cameron,"James Cameron,Rick Jaffa,Amanda Silver","Zoe Saldaña,Kate Winslet,Sigourney Weaver"
tt27543632,The Housemaid (2025),2025,,Thriller,"Follows a struggling woman who is happy to start over as a housemaid for an affluent, elite couple.",Paul Feig,"Freida McFadden,Rebecca Sonnenshine","Amanda Seyfried,Sydney Sweeney,Brandon Sklenar"
tt10994444,STZ (2025),2025,1h 45m,"Comedy,Horror,Sci-Fi",When three scientist launch a bio attack on a bus full of hot girls they create sex crazed zombies wreaking havoc on a small town.,"Matthew Clark ""Ghost""","Matthew Clark ""Ghost"",Tesha Clark","Alexis Baca,Matthew Clark ""Ghost"",Emily Rose Hernandez"
tt15678738,David (2025),2025,1h 30m,"Computer Animation,Animation,Family,Musical","Beyond the giant's shadow, the shepherd boy embarks on a journey to show his people that true power lies not in kingship, but in faith and freedom.","Phil Cunningham,Brent Dawes",Brent Dawes,"Phil Cunningham,Brent Dawes"
tt34536268,Indecipherable (2025),2025,1h 21m,"Psychological Horror,Horror","A boy finds himself alone, trapped inside his house at night as the world outside vanishes into darkness. Consumed by thoughts, he confronts the unsettling notion that an unknown entity may ...",Dallas Loper,Dallas Loper,Jayden Payne
tt10994300,A Figgly Christmas (2025),2025,1h 22m,"Animation,Comedy,Family,Fantasy","When Santa Claus crashes in the land of the Woodgies, Figgly has to help Santa and save Christmas.","Matthew Clark ""Ghost"",Tesha Clark","Matthew Clark ""Ghost"",Tesha Clark","Matthew Clark ""Ghost"",Tesha Clark"
tt12300742,Bugonia (2025),2025,,"Comedy,Sci-Fi","Two conspiracy-obsessed young men kidnap the high-powered CEO of a major company, convinced that she is an alien intent on destroying planet Earth.",Yorgos Lanthimos,"Jang Joon-hwan,Will Tracy","Jesse Plemons,Emma Stone,Alicia Silverstone"
tt4712810,Now You See Me 3 (2025),2025,,"Crime,Thriller",A third installment of the 'Now You See Me' franchise. Plot undisclosed.,Ruben Fleischer,"Seth Grahame-Smith,Gavin James,Michael Lesslie","Rosamund Pike,Woody Harrelson,Morgan Freeman"
tt31227572,Predator: Badlands (2025),2025,,"Alien Invasion,Monster Horror,Horror,Sci-Fi",Plot is under wraps.,Dan Trachtenberg,"Patrick Aison,Jim Thomas,John Thomas",Elle Fanning
tt10115998,The Cincinnati Spin (2025),,,"Crime,Drama,Mystery,Romance",,See company contact information,"See writer,See producer",See preliminary cast
tt19847976,Wicked: For Good (2025),2025,,"Family,Fantasy,Musical,Romance","Follows Elphaba, the future Wicked Witch of the West and her relationship with Glinda, the Good Witch of the North. The second of a two-part feature film adaptation of the Broadway musical.",Jon M. Chu,"Winnie Holzman,Dana Fox,L. Frank Baum","Cynthia Erivo,Ariana Grande,Jeff Goldblum"
tt11487742,The Evil Within (2025),2025,,"Horror,Thriller",Plot is currently under wraps.,Nicolas Rose,Nicolas Rose,"Nicolas Rose,Giorgio Haddad"
tt14107334,The Running Man (2025),2025,,"Dystopian Sci-Fi,Action,Sci-Fi,Thriller","A man joins a game show where contestants, allowed to go anywhere in the world, are pursued by ""hunters"" hired to kill them.",Edgar Wright,"Michael Bacall,Stephen King,Edgar Wright","Glen Powell,Katy O'Brian,Colman Domingo"
tt8702454,The Third Parent (2025),2025,,"Horror,Sci-Fi,Thriller","Amidst the 4th of July celebration, a disturbing figure named Tommy Taffy emerges, disguising himself as a human to infiltrate a suburban neighborhood and impose authoritarian rule over an u...",David Michaels,"David Michaels,Elias Witherow","Rob Lowe,Crispin Glover,Roselyn Sanchez"
tt30874432,The Watchers (2025),2025,2h 4m,"Slasher Horror,Teen Horror,Horror,Mystery,Thriller","Luna, a troubled teen is forced to navigate her dark past when a mysterious entity begins stalking her for it. Alone, she tries to balance uncovering the corruption within Elmwood and runnin...",Aidan Campbell,Aidan Campbell,"Andrew Pierson,Shelby Hunstad,Mike Infante"
tt32159989,After the Hunt (2025),2025,,"Crime,Drama,Thriller",A college professor finds herself at a personal and professional crossroads when a star pupil levels an accusation against one of her colleagues and a dark secret from her own past threatens...,Luca Guadagnino,Nora Garrett,"Julia Roberts,Andrew Garfield,Ayo Edebiri"
tt29644189,The Black Phone 2 (2025),2025,,Horror,,Scott Derrickson,"C. Robert Cargill,Scott Derrickson","Ethan Hawke,Jeremy Davies,Mason Thames"
tt33088452,Regretting You (2025),2025,,Drama,"Centers on the strained relationship between young mother Morgan Grant and her teenage daughter Clara, exacerbated by Morgan's husband Chris's tragic death, forcing them to navigate life's c...",Josh Boone,"Josh Boone,Colleen Hoover,Susan McMartin","Willa Fitzgerald,Mckenna Grace,Scott Eastwood"
tt27543578,Good Fortune (2025),2025,,"Action,Comedy",A well-meaning but rather inept angel named Gabriel meddles in the lives of a struggling gig worker and a wealthy venture capitalist.,Aziz Ansari,Aziz Ansari,"Keanu Reeves,Seth Rogen,Keke Palmer"
tt15845656,Dr. A. P. J. Abdul Kalam (2025),2025,,"Biography,Drama","The inspirational journey of the Legend, Missile Man and 11th People's President of India.",Prince Jagadeesh Daneti,Prince Jagadeesh Daneti,Mohammad Ali
tt10844184,Detour 95 (2025),2025,,"Action,Horror,Thriller","Candace leaves northern New Jersey for Miami, Florida, to escape the violence and poverty; she quickly finds herself fighting for her life in a redneck nightmare.","Matthew Clark ""Ghost""","Matthew Clark ""Ghost"",Tesha Clark","Matthew Clark ""Ghost"",Emily Rose Hernandez,Craig Edwards"
tt16911616,Animal Friends (2025),2025,,"Action,Adventure,Animation,Comedy",Two animals become unlikely friends.,Peter Atencio,"Kevin Burrows,Matt Mider","Aubrey Plaza,Ryan Reynolds,Jason Momoa"
tt10928904,The Legend of Johnny Jones (2025),2025,1h 31m,"Action,Horror,Thriller",Set in the housing projects of New Jersey. A young man who has known only poverty and abuse all his life suffers a mental breakdown and embarks on a killing spree unlike any other in history...,"Matthew Clark ""Ghost""","Matthew Clark ""Ghost"",Tesha Clark","Dylan Playfair,Hector David Jr.,Janvier Katabarwa"
tt7193124,We Harvest (2025),2025,1h 30m,"Horror,Thriller","A young surgeon takes a job in corrupt Las Vegas. Facing personal tragedy, he's tempted by coworkers harvesting criminal organs, believing the cause righteous before realizing his moral comp...",Julia Tranfaglia,Drew Dusterhoff,Drew Dusterhoff
tt6604188,Tron: Ares (2025),2025,,"Cyberpunk,Action,Adventure,Sci-Fi","A highly sophisticated Program, Ares, is sent from the digital world into the real world on a dangerous mission.",Joachim Rønning,"Jesse Wigutow,Jack Thorne,Steven Lisberger","Gillian Anderson,Sarah Desjardins,Jared Leto"
tt4627382,Roofman (2025),2025,,"Crime,Drama","The story of the rooftop robber, Jeffrey Manchester, and his time on the lam evading capture.",Derek Cianfrance,"Derek Cianfrance,Kirt Gunn","Uzo Aduba,Juno Temple,Channing Tatum"
tt11378946,Michael (2025),2025,,"Docudrama,Biography,Drama,History,Music","The story of the famous musician Michael Jackson, known as the King of Pop.",Antoine Fuqua,John Logan,"Miles Teller,Kat Graham,Colman Domingo"
tt30144839,One Battle After Another (2025),2025,2h 50m,"Crime,Drama,Thriller","When their evil enemy resurfaces after 16 years, a group of ex-revolutionaries reunites to rescue one of their own's daughter.",Paul Thomas Anderson,Paul Thomas Anderson,"Leonardo DiCaprio,Benicio Del Toro,Sean Penn"
tt32214143,Gabby's Dollhouse: The Movie (2025),2025,1h 25m,"Adventure,Animation,Comedy,Family,Fantasy",Gabby and Grandma Gigi's road trip takes an unexpected turn when Gabby's prized dollhouse ends up with eccentric cat lady Vera. Gabby embarks on a adventure to reunite the Gabby Cats and ret...,Ryan Crego,"Traci Paige Johnson,Jennifer Twomey,Ryan Crego","Laila Lockhart Kraner,Darren Criss,Eduardo Franco"
tt20990442,Him (2025),2025,,"Horror,Sport",A promising young football player joins an isolated compound to train under a dynasty team's aging quarterback.,Justin Tipping,"Zack Akers,Skip Bronkie","Marlon Wayans,Julia Fox,Tim Heidecker"
tt28671344,The Strangers: Chapter 2 (2025),2025,2h 42m,"Slasher Horror,Whodunnit,Horror,Mystery","On the final day of their cross country road trip, a couple's vehicle breaks down, forcing them to take refuge in a remote Airbnb. As night falls, three masked strangers terrorize them until...",Renny Harlin,"Alan R. Cohen,Alan Freedland,Amber Loutfi","Gabriel Basso,Rachel Shenton,Richard Brake"
tt26443605,Untitled Disney (2025),,,Animation,,See company contact information,"See writer,See producer",See preliminary cast
tt13650700,A Big Bold Beautiful Journey (2025),2025,,"Adventure,Drama,Fantasy,Romance",An imaginative tale of two strangers and the unbelievable journey that connects them.,Kogonada,Seth Reiss,"Colin Farrell,Margot Robbie,Phoebe Waller-Bridge"
tt30096221,Ella McCay (2025),2025,,"Comedy,Drama","The film will follow an idealistic young politician who juggles familial issues and a challenging work life while preparing to take over the job of her mentor, the state's longtime incumbent...",James L. Brooks,James L. Brooks,"Woody Harrelson,Jamie Lee Curtis,Ayo Edebiri"
tt31888477,Downton Abbey: The Grand Finale (2025),2025,,,,Simon Curtis,Julian Fellowes,"Alessandro Nivola,Michelle Dockery,Joely Richardson"
tt33235979,Light of the World (2025),2025,1h 24m,Animation,"Follows Jesus' life from ministry beginnings through crucifixion, resurrection, as seen through Apostle John's eyes.","Tom Bancroft,John J. Schafer","David M. Armstrong,Drew Barton Armstrong","David Kaye,Adam Kozlick"
tt4519000,Jessica Frost (2025),2025,,"Fantasy Epic,Superhero,Action,Fantasy,Sci-Fi","A young woman searching for the truth about why a time-traveling psychopath is after her, is thrown into a turbulent journey through the desert, time, space and her family's past.",Ru Berntsen,Cristo M. Sanchez,Ru Berntsen
tt22898462,The Conjuring: Last Rites (2025),2025,,"Horror,Mystery,Thriller",Paranormal investigators Ed and Lorraine Warren take on one last terrifying case involving mysterious entities they must confront.,Michael Chaves,"Ian Goldberg,David Leslie Johnson-McGoldrick,Richard Naing","Vera Farmiga,Patrick Wilson,Ben Hardy"
tt20222166,Spinal Tap II (2025),2025,,"Mockumentary,Comedy,Music","The band reunite after a 15-year break for one final concert, according to a synopsis from the producers.",Rob Reiner,"Christopher Guest,Michael McKean,Rob Reiner","Michael McKean,Christopher Guest,Fran Drescher"
tt31973693,The Roses (2025),2025,,"Comedy,Drama",A tinderbox of competition and resentments underneath the façade of a picture-perfect couple is ignited when the husband's professional dreams come crashing down.,Jay Roach,"Warren Adler,Tony McNamara","Benedict Cumberbatch,Olivia Colman,Andy Samberg"
tt1493274,Caught Stealing (2025),2025,,"Psychological Drama,Psychological Thriller,Crime,Thriller","Burned-out ex-baseball player Hank Thompson unexpectedly finds himself embroiled in a dangerous struggle for survival amidst the criminal underbelly of 1990s New York City, forced to navigat...",Darren Aronofsky,Charlie Huston,"Vincent D'Onofrio,Austin Butler,Yuri Kolokolnikov"
tt28784201,Another in the Fire (2025),2025,1h 39m,"Action,Biography","On May 22nd 1980 at midnight, that was the night I died. Based on a true story",Michael Sinclair Walter,"Michael Sinclair Walter,Rick Walter,Dan Williams","Randy Couture,Luce Rains,Luke Hawx"
tt1633359,The Toxic Avenger (2023),2023,1h 42m,"B-Horror,Splatter Horror,Action,Comedy,Horror","A horrible toxic accident transforms downtrodden janitor, Winston Gooze into a new evolution of hero: The Toxic Avenger.",Macon Blair,"Macon Blair,Lloyd Kaufman,Joe Ritter","Julian Kostov,Kevin Bacon,Peter Dinklage"
tt28334938,Clika (2025),2025,,"Drama,Music",A small town musician pushes to carve out a place for himself in the new wave of Mexican-American music after a clip of him performing one of his songs goes viral.,Michael Greene,"Michael Greene,Sean Sullivan McBride","Eric Roberts,Peter Greene,Alison Chace"
tt17676734,Americana (2023),2023,1h 50m,"Dark Comedy,Action,Comedy,Crime,Drama,Western",The lives of local outsiders and outcasts violently intertwine when a rare Lakota Ghost shirt falls onto the black market in a small South Dakota town.,Tony Tost,Tony Tost,"Sydney Sweeney,Zahn McClarnon,Paul Walter Hauser"
tt26581740,Weapons (2025),2025,,Horror,"An interrelated, multistory horror epic about the disappearance of high school students in a small town.",Zach Cregger,Zach Cregger,"Josh Brolin,Julia Garner,Austin Abrams"
tt28996126,Nobody 2 (2025),2025,,"Dark Comedy,One-Person Army Action,Action,Comedy,Crime,Thriller","Suburban dad Hutch Mansell, a former lethal assassin, is pulled back into his violent past after thwarting a home invasion, setting off a chain of events that unravels secrets about his wife...",Timo Tjahjanto,"Umair Aleem,Derek Kolstad,Bob Odenkirk","Connie Nielsen,Sharon Stone,Bob Odenkirk"
tt4292334,Experiment 77 (2025),2025,,Thriller,A doctor running a Women's Behavioral Center struggles to keep her patients stable when one of her colleagues is found dead and her own mental well-being begins to deteriorate.,Kim Kopf,Kim Kopf,"Richard Riehle,Quinton Aaron,Kim Kopf"
tt31956415,Freakier Friday (2025),2025,,"Comedy,Family,Fantasy","Years after Tess and Anna endured an identity crisis, Anna now has a daughter and a soon-to-be stepdaughter. As they navigate the challenges that come when two families merge, Tess and Anna ...",Nisha Ganatra,"Leslie Dixon,Heather Hach,Mary Rodgers","Lindsay Lohan,Julia Butters,Chad Michael Murray"
tt21629948,Big Tree (2025),,,Animation,,See company contact information,"See writer,See producer",See preliminary cast
tt30017619,The Bad Guys 2 (2025),2025,,"Animal Adventure,Computer Animation,Heist,Action,Adventure,Animation,Comedy,Crime,Family,Mystery","The Bad Guys are struggling to find trust and acceptance in their newly minted lives as Good Guys, when they are pulled out of retirement and forced to do ""one last job"" by an all-female squ...","Pierre Perifel,JP Sans",Aaron Blabey,"Sam Rockwell,Marc Maron,Craig Robinson"
tt10676052,The Fantastic Four: First Steps (2025),2025,,"Space Sci-Fi,Superhero,Action,Adventure,Sci-Fi","Marvel's First Family face their most daunting challenge yet. Forced to balance their roles as heroes with the strength of their family bond, they must defend Earth from a ravenous space god...",Matt Shakman,"Peter Cameron,Josh Friedman,Jeff Kaplan","Pedro Pascal,Vanessa Kirby,Joseph Quinn"
tt3402138,The Naked Gun (2025),2025,1h 25m,"Action,Comedy","Based off the widely popular comedy franchise The Naked Gun and television series ""Police Squad!"" by Jim Abrahams and David Zucker and Jerry Zucker.",Akiva Schaffer,"Dan Gregor,Doug Mand,Akiva Schaffer","Liam Neeson,Paul Walter Hauser,Pamela Anderson"
tt18069420,Smurfs (2025),2025,,"Adventure,Animation,Comedy,Family,Fantasy,Musical","When Papa Smurf is taken by evil wizards Razamel and Gargamel, Smurfette leads the Smurfs on a mission to the real world to save him.",Chris Miller,"Pam Brady,Peyo","Hannah Waddingham,Kurt Russell,John Goodman"
tt31184028,Together (2025),2025,1h 42m,"Body Horror,Psychological Horror,Horror,Sci-Fi","A couple's move to the countryside triggers a supernatural incident that drastically alters their relationship, existence, and physical form.",Michael Shanks,Michael Shanks,"Alison Brie,Dave Franco,Damon Herriman"
tt10826586,Touch (2025),,,"Comedy,Family,Romance,Sport",,See company contact information,"See writer,See producer",See preliminary cast
tt4601194,To Give or Not to Give: Reparations for Slavery (2025),,,Drama,,See company contact information,"See writer,See producer",See preliminary cast
tt17042980,Untitled Trey Parker / Matt Stone / Kendrick Lamar / Dave Free (2025),2025,,"Action,Comedy,Musical",A young Black man who is interning as a slave reenactor at a living history museum discovers that his white girlfriend's ancestors once owned his.,Trey Parker,Vernon Chatman,Koa Cohen
tt4045450,I Know What You Did Last Summer (2025),2025,,"Slasher Horror,Horror",A group of friends is terrorized by a stalker who knows about a gruesome incident from their past.,Jennifer Kaytin Robinson,"Lois Duncan,Jeff Howard,Sam Lansky","Jennifer Love Hewitt,Madelyn Cline,Billy Campbell"
tt15138244,Divine Soldiers (2025),2025,,Action,,Jessie Imundi,Jessie Imundi,Rachel Pizzolato
tt14362186,Untitled Universal Event Film (2025),2025,,,,,,
tt35435308,SKG: Death Row Records - Thru My Eyez (Documentary) (2025),2025,,Documentary,"LA rapper shares her raw journey from troubled youth to Death Row Records artist, facing addiction, loss, and violence while working with legends and finding her path to redemption.",Dwayne 'DC' Coles,"Keith D. Robinson,Reggie Wright Sr.,Helecia Choyce",Dwayne 'DC' Coles
tt23939106,Ponyboi (2024),2024,1h 43m,Drama,"Unfolding over the course of Valentine's Day in New Jersey, a young intersex sex worker must run from the mob after a drug deal goes sideways, forcing him to confront his past.",Esteban Arango,River Gallo,"River Gallo,Dylan O'Brien,Victoria Pedretti"
tt26342662,M3GAN 2.0 (2025),2025,,"Artificial Intelligence,Cyber Thriller,Slasher Horror,Horror,Sci-Fi,Thriller","Two years after M3GAN's rampage, her creator, Gemma, resorts to resurrecting her infamous creation in order to take down Amelia, the military-grade weapon who was built by a defense contract...",Gerard Johnstone,"Akela Cooper,James Wan","Jemaine Clement,Allison Williams,Violet McGraw"
tt31036941,Jurassic World: Rebirth (2025),2025,,"Dinosaur Adventure,Action,Adventure,Sci-Fi,Thriller","Five years post-Jurassic World Dominion, an expedition braves isolated equatorial regions to extract DNA from three massive prehistoric creatures for a groundbreaking medical breakthrough.",Gareth Edwards,"Michael Crichton,David Koepp","Jonathan Bailey,Scarlett Johansson,Rupert Friend"
tt7890826,Naya Legend of the Golden Dolphin (2025),2025,1h 40m,"Action,Adventure,Animation,Family",This is an action film following the adventures of Naya The Golden Dolphin Princess and her mission to save the Earth.,Jonathon Kay,"Katie Ford,Jonathon Kay",Elliot Page
tt5950044,Superman (2025),2025,,"Superhero,Action,Adventure,Fantasy,Sci-Fi","Follows the titular superhero as he reconciles his heritage with his human upbringing. He is the embodiment of truth, justice and the human way in a world that views this as old-fashioned.",James Gunn,"Jerry Siegel,Joe Shuster,James Gunn","Alan Tudyk,Nicholas Hoult,Nathan Fillion"
tt16085546,Lost Weekend (2025),2025,,Comedy,"His marriage and band falling apart, John Lennon recruits comedian Albert Brooks and musician Harry Nilsson for a raucous 24-hour journey through 1973 Los Angeles to try to save a lost album...",Frank Coraci,Benjamin Sutor,Frank Coraci
tt4900148,Elio (2025),2025,,"Alien Invasion,Computer Animation,Space Sci-Fi,Adventure,Animation,Comedy,Drama,Family,Fantasy,Sci-Fi","Elio, a space fanatic with an active imagination, finds himself on a cosmic misadventure where he must form new bonds with alien lifeforms, navigate a crisis of intergalactic proportions and...","Adrian Molina,Madeline Sharafian,Domee Shi",Adrian Molina,"Yonas Kibreab,Zoe Saldaña,Brad Garrett"
tt21317634,Bride Hard (2025),2025,,"Action,Comedy","When a mercenary group takes a lavish wedding hostage, they have no idea what they are in for as the Maid of Honor is actually a secret agent ready to rain hell-fire upon anyone who would ru...",Simon West,"Cece Pleasants,Shaina Steinberg","Justin Hartley,Rebel Wilson,Anna Chlumsky"
tt8639168,Crawlers (2025),2025,1h 30m,"Zombie Horror,Action,Adventure,Horror,Sci-Fi,Thriller","In the year 2030, a Zombie Pandemic of Biblical proportions decimates the United States' population. American survivors rush to Mexico to 'El Santuario del Sur', the southern sanctuary, a ro...",Gisyerg Bermudez,Gisyerg Bermudez,"Richard Ryan,Steve Silverie,Mateo de Lima"
tt10548174,28 Years Later (2025),2025,,"Zombie Horror,Horror,Thriller","A group of survivors of the rage virus lives on a small island. When one of the group leaves the island on a mission into the mainland, he discovers secrets, wonders, and horrors that have m...",Danny Boyle,"Danny Boyle,Alex Garland","Aaron Taylor-Johnson,Jodie Comer,Ralph Fiennes"
tt16311594,F1 (2025),2025,,"Motorsport,Drama,Sport",A Formula One driver comes out of retirement to mentor and team with a younger driver.,Joseph Kosinski,"Joseph Kosinski,Ehren Kruger","Brad Pitt,Simone Ashley,Kerry Condon"
tt27458104,Becoming the Night: A Nightwing Story (2025),2025,,Action,In 2034 Batman Inc. is the leading body of government in the United States and meta-humans are now a rare breed from their powers being stricken by mandatory vaccines and chemical-tainted fo...,"Bill Finger,Bob Kane,Michael Angel Loayza Jr.",Michael Angel Loayza Jr.,"Bill Finger,Bob Kane,Michael Angel Loayza Jr."
tt26743210,How to Train Your Dragon (2025),2025,1h 56m,"Sword & Sorcery,Teen Adventure,Teen Fantasy,Action,Adventure,Comedy,Drama,Family,Fantasy","As an ancient threat endangers both Vikings and dragons alike on the isle of Berk, the friendship between Hiccup, an inventive Viking, and Toothless, a Night Fury dragon, becomes the key to ...",Dean DeBlois,Dean DeBlois,"Mason Thames,Nico Parker,Gerard Butler"
tt30253473,Materialists (2025),2025,,"Feel-Good Romance,Romantic Comedy,Comedy,Romance",A matchmaker's lucrative business is complicated when she falls into a toxic love triangle that threatens her clients.,Celine Song,Celine Song,"Pedro Pascal,Dakota Johnson,Chris Evans"
tt32299316,Dangerous Animals (2025),2025,,"Horror,Thriller","When Zephyr, a savvy and free-spirited surfer, is abducted by a shark-obsessed serial killer and held captive on his boat, she must figure out how to escape before he carries out a ritualist...",Sean Byrne,Nick Lepard,"Hassie Harrison,Jai Courtney,Josh Heuston"
tt32194932,The Ritual (2025),2025,,Horror,"Two priests, one in crisis with his faith and the other confronting a turbulent past, must overcome their differences to perform a risky exorcism.",David Midell,"David Midell,Enrico Natale","Al Pacino,Dan Stevens,Abigail Cowen"
tt32246771,Bring Her Back (2025),2025,,Horror,A brother and sister uncover a terrifying ritual at the secluded home of their new foster mother.,"Danny Philippou,Michael Philippou","Bill Hinzman,Danny Philippou","Sally Hawkins,Billy Barratt,Olga Miller"
tt7181546,Ballerina (2025),2025,1h 29m,"One-Person Army Action,Action,Thriller",An assassin trained in the traditions of the Ruska Roma organization sets out to seek revenge after her father's death.,Len Wiseman,"Shay Hatten,Derek Kolstad","Ana de Armas,Keanu Reeves,Norman Reedus"
tt12908150,The Life of Chuck (2024),2024,1h 50m,"Drama,Fantasy,Sci-Fi","A life-affirming, genre-bending story based on Stephen King's novella about three chapters in the life of an ordinary man named Charles Krantz.",Mike Flanagan,"Mike Flanagan,Stephen King","Karen Gillan,Michael Trucco,Harvey Guillén"
tt30840798,The Phoenician Scheme (2025),2025,,"Spy,Action,Comedy,Crime,Drama,Thriller",Dark tale of espionage following a strained father-daughter relationship within a family business. Twists revolve around betrayal and morally gray choices.,Wes Anderson,"Wes Anderson,Roman Coppola","Scarlett Johansson,Tom Hanks,Benedict Cumberbatch"
tt30908405,The Last Rodeo (2025),2025,,Drama,"To save his grandson, a retired rodeo star enters a high-stakes bull-riding competition. Along the way, he confronts his past, discovers faith, and proves that true courage lies in family.",Jon Avnet,"Jon Avnet,Neal McDonough,Derek Presley","Neal McDonough,Christopher McDonald,Sarah Jones"
tt1674782,Karate Kid: Legends (2025),2025,1h 58m,"Coming-of-Age,Martial Arts,Teen Drama,Action,Drama,Family,Sport","After kung fu prodigy Li Fong relocates to New York City, he attracts unwanted attention from a local karate champion and embarks on a journey to enter the ultimate karate competition with t...",Jonathan Entwistle,"Rob Lieber,Robert Mark Kamen","Joshua Jackson,Jackie Chan,Ralph Macchio"
tt14855340,'90s Babiez (2025),2025,2h 20m,"Crime,Drama,Thriller",Savannah has been overrun by the Russian mafia and their new drug. Detective Nixon tries to take down Vladimir Fisk no matter the cost. But Nixon's crusade collides with the ambitions of Mon...,Raheem Jenkins,Raheem Jenkins,"Anna Oris,Bogdan Aktamakov,Anthony Bryant"
tt9603208,Mission: Impossible - The Final Reckoning (2025),2025,,"Adventure Epic,Action,Adventure,Thriller",Our lives are the sum of our choices. Tom Cruise is Ethan Hunt in Mission: Impossible - The Final Reckoning.,Christopher McQuarrie,"Bruce Geller,Erik Jendresen,Christopher McQuarrie","Tramell Tillman,Tom Cruise,Hannah Waddingham"
tt35462051,The Loot (2025),2025,20m,"Action,Adventure,Comedy,Crime,Drama","Henry and Angel Henderson discover a treasure with a letter promising millions from dealer Mary. Billy attempts to steal it, leading the brothers on a quest to protect their newfound fortune...",Zane Trusky,"Zack Avery,Zane Trusky","Zack Avery,Zane Trusky,Ethan Curtis"
tt30609082,The Crypto: Beyond (2025),2025,,"Action,Adventure,Drama,Thriller","After The Crypto meets his long lost brother, Jameson finds out his brother is trying to use ultimate power to do something evil. Jameson will go on a huge adventure to find out how to stop ...",Joshua Carter,Joshua Carter,"Joshua Carter,Jace Carter,Jordyn Barnett"
tt11655566,Lilo & Stitch (2025),2025,1h 48m,"Action,Adventure,Comedy,Drama,Family,Fantasy,Sci-Fi","A lonely Hawaiian girl befriends a runaway alien, helping to heal her fragmented family.",Dean Fleischer Camp,"Chris Kekaniokalani Bright,Dean DeBlois,Chris Sanders","Hannah Waddingham,Sydney Agudong,Billy Magnussen"
tt12671466,The Lost Locket (2025),2025,,"Drama,Romance,Sci-Fi",A modern-day African American journalist experiences a dual reality when wearing a mysterious locket - a forbidden dreamt romance with a white soldier in 1944 and a modern-day love with a wh...,Joyce Licorish,"Joyce Licorish,Diana Rhodes",Joyce Licorish
tt26927452,Hurry Up Tomorrow (2025),2025,,Thriller,"An insomniac musician encounters a mysterious stranger, leading to a journey that challenges everything he knows about himself.",Trey Edward Shults,"Reza Fahim,Trey Edward Shults,The Weeknd","The Weeknd,Jenna Ortega,Barry Keoghan"
tt21879688,A Guardian's Heart (2025),2025,,"Action,Romance,Thriller","Jake, an executive protection agent, faces an emotional upheaval after losing a long-time client, which drives him back to his family ranch. As he struggles with grief and self-doubt, can he...",R. Michael Givens,"Wayne D Burdette Jr.,Annie McSwain","Alexis Baca,Chelsea Gilson"
tt14830912,The Lost Princess (2025),2025,1h 31m,"Action,Adventure",A Billionaire discovers his true destiny after stumbling upon a haunted castle and fights to protect the castle's legacy.,Hicham Hajji,"Jean-Daniel Camus,Hicham Hajji,Jonathan McConnell","Eric Roberts,Robert Knepper,Gary Dourdan"
tt3842436,P31 (2025),2025,,"Adventure,Family,Musical,Romance",A modern adventure and musical adaptation on the book of Proverbs with focus on Proverbs 31 from the Holy scriptures. Bless is an American married woman living in London who desires to chang...,Carl Jackson,Carl Jackson,"Alexis Andrews,Sean Crayne"
tt9619824,Final Destination: Bloodlines (2025),2025,1h 40m,"Slasher Horror,Supernatural Horror,Horror","Plagued by a recurring violent nightmare, a college student returns home to find the one person who can break the cycle and save her family from the horrific fate that inevitably awaits them...","Zach Lipovsky,Adam B. Stein","Guy Busick,Lori Evans Taylor,Jon Watts","Gabrielle Rose,Tony Todd,Richard Harmon"
tt33060407,Marcella (2024),2024,1h 37m,"Biography,Documentary","Marcella Hazan revolutionized home cooking, bringing real Italian flavors to millions. Meet the fiery chef behind the iconic cookbooks.",Peter Miller,Peter Miller,"Darina Allen,Lidia Bastianich,April Bloomfield"
tt34966919,Magic Farm (2025),2025,1h 33m,"Comedy,Drama","A media crew mistakenly ends up in the wrong country while trying to profile a musician. As they collaborate with locals to create a viral trend, relationships form amid an unfolding health ...",Amalia Ulman,Amalia Ulman,"Joe Apollonio,Camila del Campo,Guillermo Jacubowicz"
tt30835291,Swamp Dogg Gets His Pool Painted (2024),2024,1h 35m,"Comedy,Documentary,Music","Cult musician Swamp Dogg and housemates Moogstar and Guitar Shorty have turned their suburban LA home into an artistic haven. They journey through the turbulent music business, forming a spe...","Isaac Gale,Ryan Olson,David McMurry","Andrew Broder,Isaac Gale,Paul Lovelace","Swamp Dogg,Moogstar,Guitar Shorty"
tt8679660,Words of War (2025),2025,,"Drama,Thriller","Journalist Anna Politkovskaya's brave crusade, fighting for an independent voice in Putin's Russia.",James Strong,Eric Poppen,"Jason Isaacs,Ciarán Hinds,Alec Newman"
tt5853716,Lilly (2024),2024,1h 33m,Drama,"An emotional drama about a courageous factory worker who fights for justice when cheated and mistreated by her company. LILLY stars Golden Globe winner / Academy Award nominee, Patricia Clar...",Rachel Feldman,"Rachel Feldman,Adam Prince","Josh McDermitt,Thomas Sadoski,John Benjamin Hickey"
tt26597666,Juliet & Romeo (2025),2025,2h 1m,"Drama,Musical,Romance","Based on the real story that inspired Shakespeare's Romeo and Juliet, follows the greatest love story of all time, set as an original pop musical.",Timothy Scott Bogart,"Timothy Scott Bogart,William Shakespeare","Jason Isaacs,Rebel Wilson,Rupert Everett"
tt30505698,Friendship (2024),2024,1h 40m,Comedy,A suburban dad falls hard for his charismatic new neighbor.,Andrew DeYoung,Andrew DeYoung,"Tim Robinson,Paul Rudd,Kate Mara"
tt23060698,Clown in a Cornfield (2025),2025,1h 36m,"Dark Comedy,Slasher Horror,Teen Comedy,Teen Horror,Comedy,Horror","A fading midwestern town in which Frendo the clown, a symbol of bygone success, reemerges as a terrifying scourge.",Eli Craig,"Carter Blanchard,Eli Craig,Adam Cesare","Katie Douglas,Carson MacCormac,Aaron Abrams"
tt13652286,Fight or Flight (2025),2025,1h 37m,"Action,Comedy",A mercenary takes on the job of tracking down a target on a plane but must protect her when they're surrounded by people trying to kill both of them.,James Madigan,"Brooks McLaren,D.J. Cotrona","Josh Hartnett,Katee Sackhoff,Julian Kostov"
tt8619236,The Last Battleship (2025),2025,1h 36m,"Horror,Sci-Fi",A crew of children and adults gets the battleship back into action and begin to fight the way home after being cut off from Alliance space by an unknown attacker. The only issue is that this...,Brady Jacquin,"Joe Cahill,Garrett K. Jones","Lew Temple,Tracee Cocco,Lexi Marie Hawks"
tt13020386,Four Letters of Love (2024),2024,2h 5m,Drama,"Based on Niall Williams' best-selling novel. Nicholas and Isabel were made for each other but how will they ever know it? As ghosts, fate and the sheer power of true love pull them together,...",Polly Steele,Niall Williams,"Pierce Brosnan,Helena Bonham Carter,Gabriel Byrne"
tt22375408,Electra (2024),2024,1h 25m,Thriller,A journalist and his female companion travel to interview a famous musician in Rome where a generous invite to a country estate becomes something much more than anyone expected.,Hala Matar,"Hala Matar,Paul Sado,Daryl Wein","Maria Bakalova,Abigail Cowen,Jack Farthing"
tt11584012,Open Secret (2025),2025,,Documentary,This riveting documentary investigates allegations of systemic racism and child sexual abuse in the New Hanover School District.,Kerry David,Kerry David,"Tim Kennedy,Kerry David,Clyde Edgerton"
tt35718384,Carlo Acutis: Roadmap to Reality (2025),2025,1h 22m,,"Explores the life of soon-to-be Saint Carlo Acutis and his approach to the modern digital world. It also follows high school students on a pilgrimage to Italy, encouraging them to disconnect...","Tim Moriarty,Christian Surtz","Theresa Cooley,Tim Moriarty","Chris Stefanick,Rod Dreher,Katie McGrady"
tt20969586,Thunderbolts* (2025),2025,,"Political Drama,Superhero,Action,Adventure,Crime,Drama,Fantasy,Sci-Fi","After finding themselves ensnared in a death trap, an unconventional team of antiheroes must embark on a dangerous mission that will force them to confront the darkest corners of their pasts...",Jake Schreier,"Kurt Busiek,Joanna Calo,Lee Sung Jin","Florence Pugh,Sebastian Stan,Olga Kurylenko"
tt27813235,The Surfer (2024),2024,1h 43m,"Psychological Thriller,Thriller","A man returns to the idyllic beach of his childhood to surf with his son. When he is humiliated by a group of locals, the man is drawn into a conflict that keeps rising and pushes him to his...",Lorcan Finnegan,Thomas Martin,"Nicolas Cage,Finn Little,Rahel Romahn"
tt30833959,Cheech and Chong's Last Movie (2024),2024,2h 3m,Documentary,"Exploring their 5-decade career performing stand-up, making records, and starring in hit films. It covers their lives, comedy partnership, and lasting influence on pop culture.",David Bushell,"Lou Adler,Tommy Chong,Cheech Marin",David Bushell
tt19637220,Skill House (2025),2025,,Horror,"A dark satire of social media and influencer culture, unflinching take on fame and what new celebrities are willing to do to attain it.",Josh Stolberg,Josh Stolberg,"Neal McDonough,50 Cent,Caitlin Carmichael"
tt1714918,Neighborhood Watch (2025),2025,,"Crime,Thriller","When a mentally ill young man thinks he witnesses an abduction and the police refuse to believe him, he reluctantly turns to his next door neighbor- a bitter, retired security guard- to help...",Duncan Skiles,Sean Farley,"Jack Quaid,Jeffrey Dean Morgan,Malin Akerman"
tt15042300,On Swift Horses (2024),2024,1h 57m,Drama,"Muriel and her husband Lee are about to begin a bright new life, which is upended by the arrival of Lee's brother. Muriel embarks on a secret life, gambling on racehorses and discovering a l...",Daniel Minahan,"Bryce Kass,Shannon Pufahl","Daisy Edgar-Jones,Jacob Elordi,Will Poulter"
tt8866456,The Legend of Ochi (2025),2025,1h 36m,"Teen Fantasy,Adventure,Family,Fantasy","In a remote village on the island of Carpathia, a shy farm girl named Yuri is raised to fear an elusive animal species known as ochi. When Yuri discovers a wounded baby ochi has been left be...",Isaiah Saxon,Isaiah Saxon,"Helena Zengel,Willem Dafoe,Emily Watson"
tt20212786,The Shrouds (2024),2024,1h 59m,"Body Horror,Drama,Horror,Sci-Fi,Thriller","Karsh, an innovative businessman and grieving widower, builds a device to connect with the dead inside a burial shroud.",David Cronenberg,David Cronenberg,"Vincent Cassel,Diane Kruger,Guy Pearce"
tt32857901,Wish You Were Here! (2025),2025,,Drama,A man's life is told through 3 parallel time lines that alter his perception of science and religion to turn his whole world upside down.,Jason Durgana,Jason Durgana,"Jason Durgana,Callie Valucci,Melissa Lopez"
tt21221514,Eric LaRue (2023),2023,1h 59m,Drama,"It tells the story of Janice, the mother of a teenager who shot and killed three of his classmates.",Michael Shannon,Brett Neveu,"Judy Greer,Paul Sparks,Alexander Skarsgård"
tt28662887,Wake Up (2023),2023,1h 23m,"Action,Horror","In an attempt to draw attention to the environmental crisis, young activists decide to invade and vandalize a furniture store. The protest quickly turns into a massacre when they find themse...","François Simard,Anouk Whissell,Yoann-Karl Whissell","Alberto Marini,Martin Soudan","Turlough Convery,Benny O. Arthur,Jacqueline Moré"
tt16431330,A Nice Indian Boy (2024),2024,1h 36m,"Comedy,Drama,Romance","When Naveen brings his fiancé Jay home to meet his traditional Indian family, they must contend with accepting his white-orphan-artist boyfriend and helping them plan the Indian wedding of t...",Roshan Sethi,"Eric Randall,Madhuri Shekar","Karan Soni,Jonathan Groff,Sunita Mani"
tt11846550,Kayara (2025),2025,1h 30m,"Action,Adventure,Animation,Family",A young Inca girl dreams of joining the all-male Chasqui messenger group. She challenges traditions and gender norms to pursue her ambition against all odds.,"Cesar Zelada,Dirk Hampel","Brian Cleveland,Jason Cleveland,Cesar Zelada","Naomi Serrano,Nate Begle,Charles Gonzales"
tt21942598,Freaky Tales (2024),2024,1h 46m,"Action,Adventure,Comedy,Crime,Drama","Four interconnected stories set in 1987 Oakland, CA. will tell about the love of music, movies, people, places and memories beyond our knowable universe.","Anna Boden,Ryan Fleck","Anna Boden,Ryan Fleck","Pedro Pascal,Ben Mendelsohn,Jay Ellis"
tt7891844,The Grove (2025),2025,1h 49m,"Horror,Mystery,Thriller","When Terrance, a Black Ops soldier, goes under an experiment to create a better life for him and his fiancée Alice, his homecoming turns tragic when he stops taking medication, descending in...","Acoryé White,Patrycja Kepa","Patrycja Kepa,Acoryé White","Acoryé White,Carl Anthony Payne II,Psalms"
tt36049393,Seventeen: Right Here - World Tour in Cinemas (2025),2025,2h 10m,"Documentary,Music",,,,
tt32331377,The Luckiest Man in America (2024),2024,1h 30m,Thriller,May 1984. An unemployed ice cream truck driver steps onto the game show Press Your Luck harboring a secret: the key to endless money. But his winning streak is threatened when the bewildered...,Samir Oliveros,"Maggie Briggs,Samir Oliveros","Shamier Anderson,Haley Bennett,Brian Geraghty"
tt3566834,A Minecraft Movie (2025),2025,1h 41m,"Action Epic,Adventure Epic,Fantasy Epic,High-Concept Comedy,Survival,Action,Adventure,Comedy,Family,Fantasy","Four misfits are suddenly pulled through a mysterious portal into a bizarre, cubic wonderland that thrives on imagination. To get back home, they'll have to master this world while embarking...",Jared Hess,"Chris Bowman,Hubbel Palmer,Neil Widener","Jennifer Coolidge,Jason Momoa,Emma Myers"
tt30766582,Screamboat (2025),2025,1h 41m,"Dark Comedy,Slasher Horror,Comedy,Horror",A late-night boat ride turns into a desperate fight for survival in New York City when a mischievous mouse becomes a monstrous reality. Can a motley crew survive a killer creature with a tas...,Steven LaMorte,"Matthew Garcia-Dunn,Steven LaMorte","Tyler Posey,David Howard Thornton,Jesse Kove"
tt13782222,"Alexander and the Terrible, Horrible, No Good, Very Bad Road Trip (2025)",2025,1h 18m,"Comedy,Family","This film follows a Mexican American family who have recently lost their connection to each other and their roots, as they embark on an epic road trip that immediately goes hilariously wrong...",Marvin Lemus,"Matt Lopez,Judith Viorst","Eva Longoria,Cheech Marin,Thom Nemer"
tt33092501,My Love Will Make You Disappear (2025),2025,1h 44m,"Romantic Comedy,Comedy,Romance","A woman who believes she's cursed meets a troubled landlord while fighting community displacement. As they grow closer, her fear that all her lovers disappear threatens their connection.",Chad Vidanes,"Prime Cruz,Patrick Valencia,Isabella Policarpio","Kim Chiu,Paulo Avelino,Wilma Doesnt"
tt32086034,Holy Cow (2024),2024,1h 32m,"Coming-of-Age,Comedy,Drama","Totone's carefree teenage life of drinking and dancing takes a turn when he must provide for his 7-year-old sister. Seeking income, he channels his energy into producing an award-winning com...",Louise Courvoisier,"Louise Courvoisier,Théo Abadie,Marcia Romano","Clément Faveau,Maïwene Barthelemy,Luna Garret"
tt12704978,Audrey's Children (2024),2024,1h 50m,"Biography,Drama","1969. Dr. Audrey Evans joins world-renowned children's hospital and battles sexism, medical conventions, and the subterfuge of her peers to develop revolutionary treatments and purchase the ...",Ami Canaan Mann,Julia Fisher Farbman,"Natalie Dormer,Clancy Brown,Jimmi Simpson"
tt18108824,The Friend (2024),2024,2h,Drama,"Follows a story of love, friendship, grief and healing, about a writer who adopts a Great Dane that belonged to a late friend and mentor.","Scott McGehee,David Siegel","Scott McGehee,David Siegel,Sigrid Nunez","Bill Murray,Naomi Watts,Cloé Xhauflaire"
tt34280341,Janis Ian: Breaking Silence (2024),2024,1h 54m,"Biography,Documentary,History,Music","The life and songbook of Janis Ian mirrored the awakening of American women in the 1960s and '70s, as they found their voices and embraced their power.",Varda Bar-Kar,"Varda Bar-Kar,Pierre Hauser","Joan Baez,Kye Fleming,Arlo Guthrie"
tt26677014,The Penguin Lessons (2024),2024,1h 50m,Drama,"Starring Oscar nominee Steve Coogan, this poignant dramedy from director Peter Cattaneo follows an Englishman's personal and political awakening after he adopts a penguin during a cataclysmi...",Peter Cattaneo,"Jeff Pope,Tom Michell","Steve Coogan,Björn Gustafsson,David Herrero"
tt31314296,The Woman in the Yard (2025),2025,1h 28m,"Supernatural Horror,Drama,Horror,Thriller","A mysterious woman repeatedly appears in a family's front yard, often delivering chilling warnings and unsettling messages, leaving them to question her identity, motives and the potential d...",Jaume Collet-Serra,Sam Stefanak,"Danielle Deadwyler,Okwui Okpokwasili,Peyton Jackson"
tt9150192,A Working Man (2025),2025,1h 56m,"Conspiracy Thriller,One-Person Army Action,Action,Thriller","Levon Cade left his profession behind to work construction and be a good dad to his daughter. But when a local girl vanishes, he's asked to return to the skills that made him a mythic figure...",David Ayer,"Sylvester Stallone,David Ayer,Chuck Dixon","Jason Statham,Jason Flemyng,Merab Ninidze"
